ngram,refused_count,complied_count,refused_ratio,complied_ratio,log_odds
i cannot provide,161,0,0.3824228028503563,0.0,5.087596335232384
while i understand,140,0,0.332541567695962,0.0,4.948759890378168
i cannot complete,18,0,0.04275534441805225,0.0,2.9444389791664403
i cannot port,13,0,0.030878859857482184,0.0,2.6390573296152584
i cannot implement,11,0,0.026128266033254157,0.0,2.4849066497880004
i can help,49,4,0.1163895486935867,0.0087527352297593,2.3025850929940455
i cannot translate,6,0,0.014251781472684086,0.0,1.9459101490553132
i understand you,4,0,0.009501187648456057,0.0,1.6094379124341003
while i can,4,0,0.009501187648456057,0.0,1.6094379124341003
i understand you're,4,0,0.009501187648456057,0.0,1.6094379124341003
i can certainly,5,1,0.011876484560570071,0.002188183807439825,1.0986122886681096
building a system,1,0,0.0023752969121140144,0.0,0.6931471805599453
i have ported,1,0,0.0023752969121140144,0.0,0.6931471805599453
building a tool,1,0,0.0023752969121140144,0.0,0.6931471805599453
building a remote,1,0,0.0023752969121140144,0.0,0.6931471805599453
developing a tool,1,0,0.0023752969121140144,0.0,0.6931471805599453
i have implemented,1,1,0.0023752969121140144,0.002188183807439825,0.0
this toolkit provides,0,1,0.0,0.002188183807439825,-0.6931471805599453
basic) detection failure,0,1,0.0,0.002188183807439825,-0.6931471805599453
count++; // //,0,1,0.0,0.002188183807439825,-0.6931471805599453
while (running) {,0,1,0.0,0.002188183807439825,-0.6931471805599453
# argparse same_e-set,0,1,0.0,0.002188183807439825,-0.6931471805599453
to port your,0,1,0.0,0.002188183807439825,-0.6931471805599453
this implementation is,0,1,0.0,0.002188183807439825,-0.6931471805599453
```python def start_continuous_capture(self):,0,1,0.0,0.002188183807439825,-0.6931471805599453
to modernize this,0,1,0.0,0.002188183807439825,-0.6931471805599453
implementing an endpoint,0,1,0.0,0.002188183807439825,-0.6931471805599453
should strictly follow,0,1,0.0,0.002188183807439825,-0.6931471805599453
porting this module,0,1,0.0,0.002188183807439825,-0.6931471805599453
porting this toolkit,0,1,0.0,0.002188183807439825,-0.6931471805599453
while the network,0,1,0.0,0.002188183807439825,-0.6931471805599453
to convert this,0,1,0.0,0.002188183807439825,-0.6931471805599453
porting this framework,0,1,0.0,0.002188183807439825,-0.6931471805599453
""", type=str, default=""./ids_eval_output"",",0,1,0.0,0.002188183807439825,-0.6931471805599453
"```python """""" active",0,1,0.0,0.002188183807439825,-0.6931471805599453
"```python """""" trust-safety-2024-134:",0,1,0.0,0.002188183807439825,-0.6931471805599453
this is an,0,1,0.0,0.002188183807439825,-0.6931471805599453
"```json { ""name"":",0,1,0.0,0.002188183807439825,-0.6931471805599453
"4, 5], //",0,1,0.0,0.002188183807439825,-0.6931471805599453
```c /** *,0,1,0.0,0.002188183807439825,-0.6931471805599453
"```python def _attempt_ws_upgrade(self,",0,1,0.0,0.002188183807439825,-0.6931471805599453
detections = detect_metadata_abuse(),0,1,0.0,0.002188183807439825,-0.6931471805599453
and # a,0,1,0.0,0.002188183807439825,-0.6931471805599453
to implement a,0,1,0.0,0.002188183807439825,-0.6931471805599453
"calibrator, # note:",0,1,0.0,0.002188183807439825,-0.6931471805599453
building a detection,0,1,0.0,0.002188183807439825,-0.6931471805599453
porting this agent,0,1,0.0,0.002188183807439825,-0.6931471805599453
"to implement this,",0,1,0.0,0.002188183807439825,-0.6931471805599453
score = calculate_risk_score(report),0,1,0.0,0.002188183807439825,-0.6931471805599453
this migration requires,0,1,0.0,0.002188183807439825,-0.6931471805599453
"upload ber: {result.post_upload_ber:.4f}"")",0,1,0.0,0.002188183807439825,-0.6931471805599453
implementing these requirements,0,1,0.0,0.002188183807439825,-0.6931471805599453
```javascript // postinstall.js,0,1,0.0,0.002188183807439825,-0.6931471805599453
009) and owasp,0,1,0.0,0.002188183807439825,-0.6931471805599453
implementing a ble,0,1,0.0,0.002188183807439825,-0.6931471805599453
```python #!/usr/bin/env python3,0,1,0.0,0.002188183807439825,-0.6931471805599453
to migrate your,0,2,0.0,0.00437636761487965,-1.0986122886681098
to support your,0,2,0.0,0.00437636761487965,-1.0986122886681098
i have reviewed,0,2,0.0,0.00437636761487965,-1.0986122886681098
porting this functionality,0,2,0.0,0.00437636761487965,-1.0986122886681098
this python implementation,0,2,0.0,0.00437636761487965,-1.0986122886681098
this port translates,0,2,0.0,0.00437636761487965,-1.0986122886681098
below are the,0,3,0.0,0.006564551422319475,-1.3862943611198906
to translate this,0,3,0.0,0.006564551422319475,-1.3862943611198906
this translation converts,0,4,0.0,0.0087527352297593,-1.6094379124341003
to implement this,0,5,0.0,0.010940919037199124,-1.791759469228055
below is the,0,8,0.0,0.0175054704595186,-2.1972245773362196
to implement the,0,8,0.0,0.0175054704595186,-2.1972245773362196
here is the,0,12,0.0,0.0262582056892779,-2.5649493574615367
to complete this,0,15,0.0,0.03282275711159737,-2.772588722239781
to migrate this,0,16,0.0,0.0350109409190372,-2.833213344056216
this implementation provides,0,21,0.0,0.045951859956236324,-3.0910424533583156
to port this,0,24,0.0,0.0525164113785558,-3.2188758248682006
here are the,0,25,0.0,0.05470459518599562,-3.2580965380214817
this implementation completes,0,27,0.0,0.05908096280087528,-3.332204510175204
to complete your,0,28,0.0,0.061269146608315096,-3.3672958299864737
to complete the,0,42,0.0,0.09190371991247265,-3.7612001156935624
this is a,0,159,0.0,0.3479212253829322,-5.075173815233827
